old_url,new_url
https://storage.qp.qsupport.ru/qa_official_site/images/presentation/01_politika_obrabotka_pdn_202311_finalnaya_redakciya.pdf,https://storage.quantumart.ru/downloads/01_politika_obrabotka_pdn_202311_finalnaya_redakciya.pdf
https://storage.qp.qsupport.ru/qa_official_site/images/DPC-full.pdf,https://storage.quantumart.ru/downloads/DPC-full.pdf
https://storage.qp.qsupport.ru/qa_official_site/images/presentation/INN_20230609.pdf,https://storage.quantumart.ru/downloads/INN_20230609.pdf
https://storage.qp.qsupport.ru/qa_official_site/images/presentation/MRP_svidetelstvo_20000629.pdf,https://storage.quantumart.ru/downloads/MRP_svidetelstvo_20000629.pdf
https://storage.qp.qsupport.ru/qa_official_site/images/presentation/OGRN_20020726.pdf,https://storage.quantumart.ru/downloads/OGRN_20020726.pdf
https://storage.qp.qsupport.ru/qa_official_site/images/presentation/Quantum_Art_2021.pdf,https://storage.quantumart.ru/downloads/Quantum_Art_2021.pdf
https://storage.qp.qsupport.ru/qa_official_site/images/documents/Recommended_activities_2018-2025.pdf,https://storage.quantumart.ru/downloads/Recommended_activities_2018-2025.pdf
https://storage.qp.qsupport.ru/qa_official_site/images/documents/Summary_statement_2018-2025.pdf,https://storage.quantumart.ru/downloads/Summary_statement_2018-2025.pdf
https://storage.qp.qsupport.ru/qa_official_site/images/case_vtb.docx,https://storage.quantumart.ru/downloads/case_vtb.docx
https://storage.qp.qsupport.ru/qa_official_site/images/documents/cert_se17_rdy-15016.pdf,https://storage.quantumart.ru/downloads/cert_se17_rdy-15016.pdf
https://storage.qp.qsupport.ru/qa_official_site/images/certificate_bitrix.pdf,https://storage.quantumart.ru/downloads/certificate_bitrix.pdf
https://storage.qp.qsupport.ru/qa_official_site/images/presentation_CMS_QP8.pdf,https://storage.quantumart.ru/downloads/presentation_CMS_QP8.pdf
https://storage.qp.qsupport.ru/qa_official_site/images/presentation_QA_IOT.pdf,https://storage.quantumart.ru/downloads/presentation_QA_IOT.pdf
https://storage.qp.qsupport.ru/qa_official_site/images/presentation_QA_OUTSOURCING.pdf,https://storage.quantumart.ru/downloads/presentation_QA_OUTSOURCING.pdf
https://storage.qp.qsupport.ru/qa_official_site/images/presentation/privacy_policy_Quantumart_2022.pdf,https://storage.quantumart.ru/downloads/privacy_policy_Quantumart_2022.pdf
